"0","tamaramorrison@hotmail.com","9342 Lori Bypass Suite 711
East Sandra, CO 92162","pbkdf2:sha256:260000$0r2a0fLlaRnJ0goU$745ac1ef9c9eb5c80b76cb8b8be6e405e79047d989b7787220015f73092e13e3","Gary","Cross","8857.87","true"
"1","carlsonholly@yahoo.com","230 Megan Junctions Suite 197
North Thomas, OK 67164","pbkdf2:sha256:260000$E93so4RuQ9FHf7yw$d245599202eaafd5160a7aaf0fae5372f9ba6963550c959fa6614cd4e02d4e1f","Tracy","Robbins","5102.83","false"
"2","craignash@yahoo.com","1428 Wilson Drives Suite 000
Lake Jordan, MN 74880","pbkdf2:sha256:260000$lFCO3AqmKIeep7fA$94898d1710bf603e10412c66bed9104f5fc79d47f7c09b7bb4baff6bfb668033","Meghan","Stewart","688.95","false"
"3","zsmith@hotmail.com","361 Robinson Green Apt. 635
North Lynntown, NC 59694","pbkdf2:sha256:260000$9btreneAGuPdUcE0$c5f032d31c1861407dc4690dd33d1e1417cab49b14f794b5c831ac5f6cc61f25","Gary","Perry","3304.15","false"
"4","olawson@gmail.com","8945 Trevor Greens
Kendrafurt, MS 08661","pbkdf2:sha256:260000$RC8GNVeD39Y2V9AR$e48abe1734ef6f145f541825291ec1c1046cdcaa7f8961fa398221359b0f826e","Robert","Melton","2683.82","true"
"5","glivingston@yahoo.com","076 Johnson Way
Jenniferland, CA 16410","pbkdf2:sha256:260000$6kt7BaQ2RvqBMn2H$598aad380804894a96e1cd1f19e7f8d0e3e7b8ccdb7b73bbb6116754fc8df395","Jenna","Watson","5886.88","true"
"6","jyang@hotmail.com","37580 Ortiz Mall Suite 735
Stephanieland, WY 14737","pbkdf2:sha256:260000$6dMnCpjKaAniRUjV$bf7daf0ac808f9fc9f1ced32599422f11afaba0bf7ab054f74531401e6c15129","Willie","Garcia","4537.14","true"
"7","jamesbrittany@gmail.com","763 Burns Parkway Suite 707
Douglasfort, RI 28775","pbkdf2:sha256:260000$ehn9S1D1k9ZgVROo$dbda43dd5acc8773519460eb9a5ed1a3b7a6927ce5218ef8886714da7ce15890","Rebecca","Torres","418.45","false"
"8","tarasanders@gmail.com","155 Barry Glens
New Bradleystad, IL 69250","pbkdf2:sha256:260000$uvOnFpf2u6v5LzvT$41ebe4d214abfe3f98d74ee7dccf19cf2194203fe95be228e6831b6464e41ef6","Lisa","Bush","5664.24","true"
"9","htrevino@yahoo.com","84331 Leonard Fort Suite 749
East Lisa, NY 43477","pbkdf2:sha256:260000$F9N5dyihgDtzFxTe$98b4b75cd7c8f0fb9e16ef05f8b41c7e4018f197eebe5d67cae3cb5b14a33a6b","Francisco","Graham","6012.74","true"
